{
	"credit": "dronko fire blaster",
	"textures": {
		"0": "block/acacia_leaves",
		"particle": "block/acacia_leaves"
	},
	"elements": [
		{
			"from": [0, 0, 0],
			"to": [16, 16, 16],
			"faces": {
				"north": {"uv": [0, 0, 16, 16], "texture": "#0", "tintindex": 0},
				"east": {"uv": [0, 0, 16, 16], "texture": "#0", "tintindex": 0},
				"south": {"uv": [0, 0, 16, 16], "texture": "#0", "tintindex": 0},
				"west": {"uv": [0, 0, 16, 16], "texture": "#0", "tintindex": 0},
				"up": {"uv": [0, 0, 16, 16], "texture": "#0", "tintindex": 0},
				"down": {"uv": [0, 0, 16, 16], "texture": "#0", "tintindex": 0}
			}
		},
		{
			"from": [-5, -0.9, -2],
			"to": [17, 8.2, 19],
			"rotation": {"angle": 22.5, "axis": "y", "origin": [-2, -0.8, 0]},
			"faces": {
				"north": {"uv": [0, 0, 16, 9.1], "texture": "#0", "tintindex": 0},
				"east": {"uv": [0, 0, 16, 9.1], "texture": "#0", "tintindex": 0},
				"south": {"uv": [0, 0, 16, 9.1], "texture": "#0", "tintindex": 0},
				"west": {"uv": [0, 0, 16, 9.1], "texture": "#0", "tintindex": 0},
				"up": {"uv": [0, 0, 16, 16], "texture": "#0", "tintindex": 0},
				"down": {"uv": [0, 0, 16, 16], "texture": "#0", "tintindex": 0}
			}
		}
	]
}