{
	"credit": "dronko fire blaster",
	"ambientocclusion": false,
	"textures": {
		"1": "block/birch_leaves",
		"particle": "block/oak_leaves"
	},
	"elements": [
		{
			"from": [-3, -0.2, 4],
			"to": [13, 16.1, 20],
			"rotation": {"angle": 22.5, "axis": "y", "origin": [-3, 0, 4]},
			"faces": {
				"north": {"uv": [0, 0, 16, 16], "texture": "#1", "tintindex": 0},
				"east": {"uv": [0, 0, 16, 16], "texture": "#1", "tintindex": 0},
				"south": {"uv": [0, 0, 16, 16], "texture": "#1", "tintindex": 0},
				"west": {"uv": [0, 0, 16, 16], "texture": "#1", "tintindex": 0},
				"up": {"uv": [0, 0, 16, 16], "texture": "#1", "tintindex": 0},
				"down": {"uv": [0, 0, 16, 16], "texture": "#1", "tintindex": 0}
			}
		},
		{
			"from": [1, 1, 11],
			"to": [17, 17, 22],
			"rotation": {"angle": -22.5, "axis": "x", "origin": [1, 1, 22]},
			"faces": {
				"north": {"uv": [0, 0, 16, 16], "rotation": 180, "texture": "#1", "tintindex": 0},
				"east": {"uv": [0, 0, 16, 11], "rotation": 90, "texture": "#1", "tintindex": 0},
				"south": {"uv": [0, 0, 16, 16], "texture": "#1", "tintindex": 0},
				"west": {"uv": [0, 0, 16, 11], "rotation": 270, "texture": "#1", "tintindex": 0},
				"up": {"uv": [0, 0, 16, 11], "texture": "#1", "tintindex": 0},
				"down": {"uv": [0, 0, 16, 11], "rotation": 180, "texture": "#1", "tintindex": 0}
			}
		},
		{
			"from": [-2, 0, -9],
			"to": [14, 16, 2],
			"rotation": {"angle": 45, "axis": "x", "origin": [-2, 0, 2]},
			"faces": {
				"north": {"uv": [0, 0, 16, 16], "rotation": 180, "texture": "#1", "tintindex": 0},
				"east": {"uv": [0, 0, 16, 11], "rotation": 90, "texture": "#1", "tintindex": 0},
				"south": {"uv": [0, 0, 16, 16], "texture": "#1", "tintindex": 0},
				"west": {"uv": [0, 0, 16, 11], "rotation": 270, "texture": "#1", "tintindex": 0},
				"up": {"uv": [0, 0, 16, 11], "texture": "#1", "tintindex": 0},
				"down": {"uv": [0, 0, 16, 11], "rotation": 180, "texture": "#1", "tintindex": 0}
			}
		}
	]
}