{
	"credit": "dronko fire blaster",
	"ambientocclusion": false,
	"textures": {
		"1": "block/pale_oak_leaves",
		"particle": "block/pale_oak_leaves"
	},
	"elements": [
		{
			"from": [0, 0, 0],
			"to": [16, 16, 16],
			"faces": {
				"north": {"uv": [0, 0, 16, 16], "texture": "#1", "tintindex": 0},
				"east": {"uv": [0, 0, 16, 16], "texture": "#1", "tintindex": 0},
				"south": {"uv": [0, 0, 16, 16], "texture": "#1", "tintindex": 0},
				"west": {"uv": [0, 0, 16, 16], "texture": "#1", "tintindex": 0},
				"up": {"uv": [0, 0, 16, 16], "texture": "#1", "tintindex": 0},
				"down": {"uv": [0, 0, 16, 16], "texture": "#1", "tintindex": 0}
			}
		},
		{
			"from": [-6, -0.5, 5],
			"to": [17, 8.6, 28],
			"rotation": {"angle": 45, "axis": "y", "origin": [-4, -0.4, 10]},
			"faces": {
				"north": {"uv": [0, 0, 16, 8.1], "texture": "#1", "tintindex": 0},
				"east": {"uv": [0, 0, 16, 8.1], "texture": "#1", "tintindex": 0},
				"south": {"uv": [0, 0, 16, 8.1], "texture": "#1", "tintindex": 0},
				"west": {"uv": [0, 0, 16, 8.1], "texture": "#1", "tintindex": 0},
				"up": {"uv": [0, 0, 16, 16], "texture": "#1", "tintindex": 0},
				"down": {"uv": [0, 0, 16, 16], "texture": "#1", "tintindex": 0}
			}
		}
	]
}