{
	"credit": "dronko fire blaster",
	"textures": {
		"0": "block/spruce_leaves",
		"particle": "block/spruce_leaves"
	},
	"elements": [
		{
			"from": [0, 0, 0],
			"to": [16, 16, 16],
			"faces": {
				"north": {"uv": [0, 0, 16, 16], "texture": "#0", "tintindex": 0},
				"east": {"uv": [0, 0, 16, 16], "texture": "#0", "tintindex": 0},
				"south": {"uv": [0, 0, 16, 16], "texture": "#0", "tintindex": 0},
				"west": {"uv": [0, 0, 16, 16], "texture": "#0", "tintindex": 0},
				"up": {"uv": [0, 0, 16, 16], "texture": "#0", "tintindex": 0},
				"down": {"uv": [0, 0, 16, 16], "texture": "#0", "tintindex": 0}
			}
		},
		{
			"from": [-4, -0.1, -1],
			"to": [15, 9, 19],
			"rotation": {"angle": 0, "axis": "y", "origin": [-2, 0, 0]},
			"faces": {
				"north": {"uv": [0, 0, 16, 8.1], "texture": "#0", "tintindex": 0},
				"east": {"uv": [0, 0, 16, 8.1], "texture": "#0", "tintindex": 0},
				"south": {"uv": [0, 0, 16, 8.1], "texture": "#0", "tintindex": 0},
				"west": {"uv": [0, 0, 16, 8.1], "texture": "#0", "tintindex": 0},
				"up": {"uv": [0, 0, 16, 16], "texture": "#0", "tintindex": 0},
				"down": {"uv": [0, 0, 16, 16], "texture": "#0", "tintindex": 0}
			}
		}
	]
}