{
    "condition": "minecraft:any_of",
    "terms": [
      
      {
        "condition": "minecraft:entity_properties",
        "entity": "this",
        "predicate": {
          "location": {
            "biome": "minecraft:grove"
          }
        }
      },
      {
        "condition": "minecraft:entity_properties",
        "entity": "this",
        "predicate": {
          "location": {
            "biome": "minecraft:snowy_slopes"
          }
        }
      },
      {
        "condition": "minecraft:entity_properties",
        "entity": "this",
        "predicate": {
          "location": {
            "biome": "minecraft:frozen_peaks"
          }
        }
      },
      
      {
        "condition": "minecraft:entity_properties",
        "entity": "this",
        "predicate": {
          "location": {
            "biome": "terralith:emerald_peaks"
          }
        }
      },
      {
        "condition": "minecraft:entity_properties",
        "entity": "this",
        "predicate": {
          "location": {
            "biome": "terralith:alpine_grove"
          }
        }
      }
    ]
  }
  