{
  "variants": {
    "": [
      {
        "model": "minecraft:block/pale_oak_leaves_1_1",
        "x": 0,
        "y": 0,
        "weight": 1
      },
      {
        "model": "minecraft:block/pale_oak_leaves_1_2",
        "x": 0,
        "y": 180,
        "weight": 1
      },
      {
        "model": "minecraft:block/pale_oak_leaves_1_2",
        "x": 0,
        "y": 0,
        "weight": 1
      },
      {
        "model": "minecraft:block/pale_oak_leaves_1_3",
        "x": 0,
        "y": 180,
        "weight": 1
      },
      {
        "model": "minecraft:block/pale_oak_leaves_1_3",
        "x": 0,
        "y": 0,
        "weight": 1
      },
      {
        "model": "minecraft:block/pale_oak_leaves_2_1",
        "x": 0,
        "y": 180,
        "weight": 1
      },
      {
        "model": "minecraft:block/pale_oak_leaves_2_1",
        "x": 0,
        "y": 0,
        "weight": 1
      },
      {
        "model": "minecraft:block/pale_oak_leaves_2_2",
        "x": 0,
        "y": 180,
        "weight": 1
      },
      {
        "model": "minecraft:block/pale_oak_leaves_2_2",
        "x": 0,
        "y": 0,
        "weight": 1
      },
      {
        "model": "minecraft:block/pale_oak_leaves_2_3",
        "x": 0,
        "y": 180,
        "weight": 1
      },
      {
        "model": "minecraft:block/pale_oak_leaves_2_3",
        "x": 0,
        "y": 0,
        "weight": 1
      },
      {
        "model": "minecraft:block/pale_oak_leaves_3_1",
        "x": 0,
        "y": 180,
        "weight": 1
      },
      {
        "model": "minecraft:block/pale_oak_leaves_3_1",
        "x": 0,
        "y": 0,
        "weight": 1
      },
      {
        "model": "minecraft:block/pale_oak_leaves_3_2",
        "x": 0,
        "y": 180,
        "weight": 1
      },
      {
        "model": "minecraft:block/pale_oak_leaves_3_2",
        "x": 0,
        "y": 0,
        "weight": 1
      },
      {
        "model": "minecraft:block/pale_oak_leaves_3_3",
        "x": 0,
        "y": 180,
        "weight": 1
      }
    ]
  }
}
